{
    "anchors": [
        [
            56.448586925137235,
            42.758431397356944
        ],
        [
            104.07292781091715,
            74.05125952405875
        ],
        [
            73.9442156753153,
            54.508589646511204
        ],
        [
            32.10578740924305,
            37.558116701887016
        ],
        [
            169.09191681233446,
            119.81162735479455
        ]
    ],
    "classes": 0,
    "batch_size": 16,
    "epochs": 500,
    "learning_rate": 1e-07,
    "momentum": 0.9,
    "weight_decay": 0.005,
    "lambda_xy": 100,
    "lambda_wh": 0.1,
    "lambda_conf": 10,
    "lambda_noobj": 1,
    "grid_size": 13,
    "input_size":416
}